date,name,count,group.max,group.ge10,group.ge12,group.ge15,group.ge20,group.top,row.max,row.ge10,row.ge12,row.ge15,row.ge20,row.top,col6.max,col6.ge30,col6.ge50,col6.top,col3.max,col3.ge30,col3.ge50,col3.ge80,col3.top,number.max,number.ge200,number.ge300,number.top
2018-11-27,wzs-2018-11-27-012,292,21,6,3,1,1,二组 21 #194-215,16,6,4,2,0,1行 16 #215-231,32,4,0,13-18 32 #106-138,51,23,2,0,13-15 51 #184-235,153,0,0,27 153 #50-203
2018-11-27,wzs-2018-11-27-014,326,13,6,5,0,0,二组 13 #38-51,12,6,1,0,0,2行 12 #138-150,38,3,0,22-27 38 #87-125,81,20,3,1,10-12 81 #86-167,212,1,0,31 212 #79-291
2019-01-16,20181129-01,489,23,13,7,2,1,一组 23 #195-218,27,10,5,2,1,2行 27 #123-150,48,4,0,1-6 48 #174-222,73,35,7,0,4-6 73 #152-225,244,3,0,29 244 #169-413
2019-01-16,20181129-02,44,11,2,0,0,0,二组 11 #15-26,10,1,0,0,0,3行 10 #15-25,23,0,0,7-12 23 #1-24,33,2,0,0,34-36 33 #0-33,44,0,0,0 44 未结束 #0-44
2019-01-16,20181130-01,29,6,0,0,0,0,一组 6 #1-7,8,0,0,0,0,2行 8 未结束 #21-29,17,0,0,16-21 17 #0-17,23,0,0,0,22-24 23 未结束 #6-29,29,0,0,0 29 未结束 #0-29
2019-01-16,20181130-02,130,9,0,0,0,0,一组 9 #97-106,11,3,0,0,0,2行 11 #16-27,36,3,0,22-27 36 #3-39,51,12,1,0,7-9 51 未结束 #79-130,115,0,0,20 115 未结束 #15-130
2019-01-28,wzs-2019-01-28-024,234,13,5,4,0,0,二组 13 #11-24,12,6,1,0,0,2行 12 #21-33,34,1,0,31-36 34 #0-34,56,15,2,0,1-3 56 #146-202,145,0,0,1 145 未结束 #89-234
2019-01-28,wzs-2019-01-28-026,134,13,2,2,0,0,三组 13 #41-54,13,4,1,0,0,2行 13 #48-61,28,0,0,25-30 28 #55-83,50,11,1,0,25-27 50 #41-91,134,0,0,9 134 未结束 #0-134
2019-01-28,wzs-2019-01-28-028,167,19,5,2,2,0,二组 19 #3-22,11,1,0,0,0,1行 11 #34-45,50,1,1,25-30 50 #112-162,74,11,3,0,7-9 74 #17-91,162,0,0,25 162 #0-162
2019-01-28,wzs-2019-01-28-029,142,13,1,1,0,0,二组 13 #112-125,13,4,1,0,0,3行 13 #9-22,28,0,0,1-6 28 未结束 #114-142,61,7,2,0,7-9 61 #62-123,142,0,0,19 142 未结束 #0-142
2019-01-28,20190129-sxr01,206,12,2,1,0,0,二组 12 #101-113,14,6,2,0,0,3行 14 #176-190,31,1,0,22-27 31 #45-76,85,16,1,1,16-18 85 #7-92,152,0,0,7 152 未结束 #54-206
2019-01-29,20190129-01,209,15,4,3,1,0,三组 15 #11-26,12,6,3,0,0,1行 12 #89-101,32,3,0,16-21 32 #42-74,58,14,2,0,10-12 58 #68-126,202,1,0,23 202 #0-202
2019-01-29,20190129-1537,65,10,1,0,0,0,三组 10 #0-10,9,0,0,0,0,1行 9 #55-64,24,0,0,28-33 24 #0-24,38,4,0,0,10-12 38 #26-64,65,0,0,3 65 未结束 #0-65
2019-01-29,20190129-1743,96,9,0,0,0,0,三组 9 #6-15,11,1,0,0,0,3行 11 #59-70,20,0,0,16-21 20 #14-34,35,3,0,0,28-30 35 #3-38,96,0,0,0 96 未结束 #0-96
2019-01-29,20190129-2328,46,11,1,0,0,0,一组 11 未结束 #35-46,17,2,2,2,0,2行 17 #21-38,21,0,0,31-36 21 #17-38,37,1,0,0,1-3 37 未结束 #9-46,46,0,0,0 46 未结束 #0-46
2019-01-29,20190130-0101,80,13,2,2,0,0,三组 13 #66-79,11,1,0,0,0,3行 11 #16-27,21,0,0,31-36 21 #58-79,58,5,1,0,19-21 58 #6-64,80,0,0,2 80 未结束 #0-80
2019-01-30,20190130-1155,83,9,0,0,0,0,一组 9 #46-55,10,1,0,0,0,1行 10 #69-79,27,0,0,1-6 27 #5-32,43,8,0,0,25-27 43 未结束 #40-83,83,0,0,25 83 未结束 #0-83
2019-01-30,20190130-wzs01,155,12,6,3,0,0,三组 12 #17-29,13,4,1,0,0,3行 13 #82-95,29,0,0,25-30 29 #0-29,57,9,3,0,19-21 57 #47-104,142,0,0,21 142 未结束 #13-155
2019-01-30,20190130-1458,41,13,2,1,0,0,一组 13 #10-23,11,2,0,0,0,1行 11 #13-24,24,0,0,7-12 24 #0-24,38,1,0,0,7-9 38 #0-38,41,0,0,0 41 未结束 #0-41
2019-01-30,20190130-1613,94,10,2,0,0,0,三组 10 #12-22,13,2,1,0,0,3行 13 #51-64,45,3,0,10-15 45 #37-82,57,9,2,0,13-15 57 未结束 #37-94,94,0,0,4 94 未结束 #0-94
2019-01-30,20190131-0030,96,10,1,0,0,0,二组 10 #75-85,10,1,0,0,0,3行 10 #53-63,35,3,0,16-21 35 #50-85,46,9,0,0,25-27 46 #22-68,96,0,0,14 96 未结束 #0-96
2019-01-31,20190131-1144,141,17,3,2,1,0,二组 17 未结束 #124-141,12,3,2,0,0,2行 12 #45-57,33,1,0,13-18 33 #4-37,77,4,2,0,31-33 77 #25-102,141,0,0,18 141 未结束 #0-141
2019-01-31,20190131-1626,61,17,2,1,1,0,三组 17 #25-42,8,0,0,0,0,1行 8 #5-13,32,1,0,31-36 32 #25-57,50,5,1,0,31-33 50 未结束 #11-61,61,0,0,5 61 未结束 #0-61
2019-01-31,20190131-1757,91,11,2,0,0,0,二组 11 #46-57,10,1,0,0,0,1行 10 #6-16,37,2,0,22-27 37 #9-46,56,6,1,0,22-24 56 #9-65,91,0,0,27 91 未结束 #0-91
2019-01-31,20190201-0037,108,14,4,2,0,0,一组 14 #82-96,15,4,3,1,0,3行 15 #27-42,44,2,0,4-9 44 未结束 #64-108,88,6,2,1,4-6 88 未结束 #20-108,103,0,0,34 103 #0-103
2019-03-29,20190329-2043,37,11,1,0,0,0,二组 11 #20-31,10,1,0,0,0,2行 10 #26-36,22,0,0,31-36 22 #0-22,30,1,0,0,13-15 30 未结束 #7-37,37,0,0,8 37 未结束 #0-37
2019-03-29,20190329-下午全,330,16,7,4,2,0,二组 16 #306-322,12,4,1,0,0,3行 12 #58-70,33,2,0,31-36 33 #269-302,62,24,1,0,34-36 62 #181-243,190,0,0,22 190 #35-225
2019-03-29,20190329-一个人,59,11,2,0,0,0,三组 11 #0-11,10,1,0,0,0,1行 10 #47-57,29,0,0,4-9 29 #8-37,47,1,0,0,4-6 47 #0-47,59,0,0,3 59 未结束 #0-59
2019-03-29,20190330-0239,146,12,4,1,0,0,一组 12 #44-56,9,0,0,0,0,3行 9 #12-21,31,1,0,28-33 31 #74-105,53,9,1,0,19-21 53 #39-92,146,0,0,8 146 未结束 #0-146
2019-03-30,20190330-上午全,371,20,7,5,2,1,一组 20 #52-72,16,9,4,2,0,2行 16 #39-55,51,3,1,31-36 51 #101-152,79,26,6,0,13-15 79 #182-261,245,1,0,24 245 未结束 #126-371
2019-03-30,20190330-下午全,225,12,2,1,0,0,三组 12 #204-216,15,7,4,1,0,3行 15 #141-156,27,0,0,22-27 27 #149-176,49,15,0,0,10-12 49 #0-49,168,0,0,33 168 未结束 #57-225
2019-03-30,20190330-一个人,58,8,0,0,0,0,一组 8 #47-55,8,0,0,0,0,2行 8 #3-11,26,0,0,25-30 26 未结束 #32-58,34,2,0,0,7-9 34 #0-34,58,0,0,1 58 未结束 #0-58
2019-03-31,20190331-上午,277,18,7,3,1,0,三组 18 #14-32,12,2,1,0,0,2行 12 #260-272,42,3,0,7-12 42 #179-221,73,19,6,0,13-15 73 #85-158,182,0,0,33 182 #83-265
2019-03-31,20190331-假日,106,19,2,1,1,0,一组 19 #74-93,10,1,0,0,0,1行 10 #51-61,34,1,0,1-6 34 #59-93,81,7,2,1,22-24 81 未结束 #25-106,106,0,0,12 106 未结束 #0-106
2019-03-31,20190331-下午,81,11,2,0,0,0,二组 11 #18-29,13,2,1,0,0,3行 13 #33-46,20,0,0,31-36 20 #54-74,62,3,1,0,4-6 62 未结束 #19-81,81,0,0,4 81 未结束 #0-81
2019-04-01,20190401-清晨,156,9,0,0,0,0,三组 9 #60-69,13,3,2,0,0,3行 13 #139-152,30,1,0,31-36 30 #28-58,48,11,0,0,22-24 48 #53-101,136,0,0,2 136 #0-136
2019-04-02,20190401-下午,78,13,4,1,0,0,一组 13 #7-20,14,2,2,0,0,1行 14 #3-17,35,2,0,28-33 35 #37-72,57,8,1,0,31-33 57 #15-72,78,0,0,4 78 未结束 #0-78
2019-10-11,20191011上午-喜来登-老,189,14,5,2,0,0,一组 14 #36-50,12,2,1,0,0,3行 12 #116-128,41,2,0,28-33 41 #104-145,65,18,3,0,28-30 65 #80-145,131,0,0,5 131 #11-142
2019-10-11,20191011-下午,110,18,3,1,1,0,一组 18 #62-80,14,2,2,0,0,1行 14 #44-58,62,1,1,4-9 62 #46-108,70,7,2,0,4-6 70 #38-108,110,0,0,4 110 未结束 #0-110
2019-10-12,20191012-上午,204,16,5,5,1,0,三组 16 #0-16,13,2,1,0,0,1行 13 #185-198,38,1,0,31-36 38 #0-38,74,15,3,0,34-36 74 #94-168,191,0,0,31 191 #0-191
2019-11-17,20191117-晚上-巴黎人,161,17,2,1,1,0,三组 17 #8-25,11,2,0,0,0,3行 11 #0-11,27,0,0,22-27 27 #118-145,44,13,0,0,10-12 44 #45-89,152,0,0,27 152 #0-152
2019-11-17,20191009-初到-喜来登-新,42,10,1,0,0,0,二组 10 #18-28,9,0,0,0,0,2行 9 #32-41,21,0,0,4-9 21 未结束 #21-42,40,2,0,0,4-6 40 未结束 #2-42,42,0,0,0 42 未结束 #0-42
2019-11-17,20191009-晚上-假日-新,270,14,10,6,0,0,二组 14 #228-242,16,4,2,1,0,2行 16 #132-148,61,2,1,13-18 61 未结束 #209-270,95,16,3,1,31-33 95 #167-262,177,0,0,17 177 未结束 #93-270
2019-11-17,20191010-清晨-喜来登-电,498,11,5,0,0,0,二组 11 #60-71,16,7,4,2,0,3行 16 #136-152,39,3,0,25-30 39 #16-55,62,35,4,0,25-27 62 #3-65,201,1,0,4 201 #117-318
2019-11-17,20191010-晚上-喜来登-老,92,12,3,1,0,0,一组 12 #22-34,11,3,0,0,0,2行 11 #68-79,23,0,0,7-12 23 #13-36,45,4,0,0,34-36 45 #31-76,92,0,0,6 92 未结束 #0-92
2019-11-18,20191118-下午-巴黎人-新,30,6,0,0,0,0,三组 6 #4-10,16,1,1,1,0,1行 16 #0-16,16,0,0,13-18 16 #13-29,28,0,0,0,22-24 28 未结束 #2-30,30,0,0,1 30 未结束 #0-30
2019-11-18,20191118-上下午-巴黎人老,432,14,8,3,0,0,二组 14 #327-341,20,7,4,3,1,3行 20 #295-315,49,4,0,10-15 49 #359-408,62,32,7,0,28-30 62 #0-62,238,2,0,20 238 #62-300
2019-11-18,20191118-晚上-喜来登,95,16,3,2,1,0,三组 16 #7-23,13,3,1,0,0,3行 13 #27-40,27,0,0,25-30 27 #7-34,50,5,1,0,25-27 50 #7-57,95,0,0,4 95 未结束 #0-95
2019-11-19,20191119-上午-巴黎人-老,223,13,1,1,0,0,一组 13 #48-61,15,5,4,1,0,2行 15 #177-192,40,3,0,4-9 40 #137-177,66,18,3,0,10-12 66 #0-66,185,0,0,24 185 #0-185
2021-04-23,wzs-2021-04-23-061,212,20,2,2,2,1,三组 20 #37-57,14,7,2,0,0,3行 14 #162-176,44,4,0,28-33 44 #65-109,74,15,7,0,31-33 74 #35-109,156,0,0,29 156 #0-156
2021-04-23,wzs-2021-04-23-062,272,16,6,1,1,0,一组 16 #65-81,18,3,1,1,0,3行 18 #167-185,35,3,0,31-36 35 #177-212,69,20,3,0,31-33 69 #156-225,202,1,0,5 202 #0-202
2021-04-23,wzs-2021-04-23-063,613,20,16,6,2,1,一组 20 #196-216,15,12,7,1,0,2行 15 #519-534,57,5,1,28-33 57 #330-387,66,40,8,0,22-24 66 #493-559,204,1,0,22 204 #355-559
2021-04-23,wzs-2021-04-23-065,360,15,6,3,1,0,三组 15 #60-75,11,2,0,0,0,3行 11 #29-40,39,2,0,25-30 39 #44-83,79,22,5,0,28-30 79 #202-281,170,0,0,28 170 #158-328
2021-04-23,wzs-2021-04-23-066,318,18,7,3,2,0,一组 18 #103-121,15,5,2,1,0,1行 15 #1-16,38,4,0,4-9 38 #0-38,86,32,4,1,34-36 86 #160-246,214,1,0,34 214 #70-284
2021-04-23,wzs-2021-04-23-067,407,14,8,2,0,0,三组 14 #256-270,16,8,6,3,0,2行 16 #7-23,30,1,0,10-15 30 #275-305,82,28,7,1,7-9 82 #2-84,243,2,0,22 243 #106-349
2021-06-17,wzs-2021-06-17-072,214,17,3,2,1,0,二组 17 #87-104,15,5,2,1,0,3行 15 #12-27,31,2,0,22-27 31 #61-92,66,10,2,0,16-18 66 #145-211,199,0,0,5 199 未结束 #15-214
2021-06-17,wzs-2021-06-17-074,106,20,3,1,1,1,一组 20 #81-101,10,2,0,0,0,1行 10 #35-45,30,1,0,7-12 30 #73-103,49,11,0,0,31-33 49 #36-85,106,0,0,10 106 未结束 #0-106
2021-06-17,wzs-2021-06-17-080,209,13,5,2,0,0,三组 13 #48-61,13,6,2,0,0,2行 13 #76-89,27,0,0,10-15 27 #180-207,63,14,3,0,13-15 63 未结束 #146-209,196,0,0,33 196 #0-196
2021-06-17,wzs-2021-06-17-081,109,12,2,1,0,0,三组 12 #44-56,8,0,0,0,0,1行 8 #32-40,33,1,0,28-33 33 #31-64,109,5,1,1,28-30 109 未结束 #0-109,109,0,0,28 109 未结束 #0-109
2021-06-17,20210617-1819,216,14,3,1,0,0,二组 14 #180-194,16,4,3,1,0,2行 16 #145-161,48,2,0,28-33 48 #18-66,65,15,2,0,31-33 65 #16-81,185,0,0,29 185 #18-203
2021-06-17,20210617-2033,209,11,2,0,0,0,一组 11 #2-13,11,2,0,0,0,2行 11 #158-169,33,2,0,1-6 33 #39-72,54,18,1,0,1-3 54 #32-86,142,0,0,23 142 未结束 #67-209
2021-06-18,20210618-1633,253,12,7,3,0,0,三组 12 #12-24,14,4,2,0,0,1行 14 #119-133,48,2,0,25-30 48 #118-166,87,15,3,1,25-27 87 #79-166,197,0,0,4 197 #0-197
2021-06-18,20210618-1917,201,12,2,2,0,0,一组 12 #90-102,28,5,2,2,1,2行 28 #16-44,35,2,0,16-21 35 #99-134,57,14,2,0,16-18 57 #89-146,173,0,0,30 173 未结束 #28-201
2021-06-18,20210619-0052,259,14,4,2,0,0,二组 14 #241-255,15,4,1,1,0,3行 15 #139-154,35,2,0,22-27 35 #136-171,66,18,4,0,7-9 66 #170-236,153,0,0,5 153 #92-245
2021-06-19,20210619-1232,250,15,5,2,1,0,三组 15 未结束 #235-250,12,3,2,0,0,1行 12 #234-246,32,1,0,25-30 32 #28-60,47,16,0,0,31-33 47 #51-98,152,0,0,20 152 #74-226
2021-06-19,20210619-1545,225,13,5,1,0,0,一组 13 #119-132,19,1,1,1,0,1行 19 #7-26,37,3,0,22-27 37 #131-168,65,17,3,0,22-24 65 #103-168,176,0,0,1 176 未结束 #49-225
2021-06-19,20210620-0003,287,14,3,3,0,0,一组 14 #63-77,13,6,3,0,0,2行 13 #134-147,52,3,1,13-18 52 #136-188,70,23,5,0,13-15 70 #133-203,219,1,0,11 219 #20-239
2021-06-20,20210620-1850,112,14,6,3,0,0,一组 14 #91-105,9,0,0,0,0,3行 9 #25-34,37,1,0,31-36 37 #45-82,61,8,2,0,31-33 61 #21-82,112,0,0,2 112 未结束 #0-112
2021-06-20,20210620-2016,353,16,6,5,1,0,三组 16 #262-278,16,9,4,1,0,1行 16 #93-109,40,7,0,25-30 40 #29-69,69,28,4,0,7-9 69 #48-117,239,3,0,15 239 #85-324
2021-06-20,20210620-2329,288,16,4,2,2,0,二组 16 #171-187,14,4,3,0,0,2行 14 #158-172,33,1,0,22-27 33 #159-192,70,23,4,0,25-27 70 #144-214,181,0,0,24 181 #11-192
2021-06-21,20210621-1606,298,17,6,2,1,0,二组 17 #51-68,14,6,2,0,0,2行 14 #113-127,31,1,0,13-18 31 #130-161,58,22,2,0,22-24 58 #82-140,151,0,0,26 151 #28-179
2023-06-05,20230605-2221,234,17,6,3,1,0,一组 17 #139-156,16,3,1,1,0,1行 16 #196-212,39,4,0,28-33 39 #144-183,69,24,1,0,13-15 69 #42-111,154,0,0,3 154 #79-233
2023-06-06,20230606-2153,255,10,1,0,0,0,一组 10 #16-26,22,4,2,2,1,1行 22 #96-118,28,0,0,10-15 28 #221-249,64,13,2,0,13-15 64 #185-249,157,0,0,30 157 #57-214
2023-06-06,20230606-2307,204,13,7,3,0,0,二组 13 #0-13,11,3,0,0,0,2行 11 #103-114,37,1,0,10-15 37 #49-86,49,15,0,0,1-3 49 #0-49,204,1,0,20 204 未结束 #0-204
2023-06-07,20230607-2252,472,16,12,5,2,0,三组 16 #53-69,13,9,3,0,0,3行 13 #192-205,39,3,0,25-30 39 #390-429,108,38,3,1,13-15 108 #154-262,246,1,0,28 246 未结束 #226-472
2023-06-08,20230608-1548,326,15,8,3,1,0,二组 15 #64-79,15,8,4,1,0,3行 15 #249-264,36,2,0,25-30 36 #9-45,48,28,0,0,7-9 48 #229-277,187,0,0,14 187 #11-198
2023-10-23,20231023-下午-巴黎人,227,16,5,5,2,0,一组 16 #48-64,15,5,1,1,0,1行 15 #1-16,31,2,0,1-6 31 #92-123,51,14,1,0,16-18 51 #9-60,227,2,0,3 227 未结束 #0-227
2023-10-24,20231023-晚上-喜来登,81,12,2,1,0,0,一组 12 #6-18,9,0,0,0,0,2行 9 #10-19,35,1,0,31-36 35 #12-47,49,5,0,0,31-33 49 #12-61,81,0,0,17 81 未结束 #0-81
2023-10-24,20231024-下午-喜来登,82,11,2,0,0,0,三组 11 #22-33,9,0,0,0,0,2行 9 #0-9,31,1,0,25-30 31 #22-53,53,3,1,0,28-30 53 #0-53,82,0,0,11 82 未结束 #0-82
2023-10-24,20231024-晚上-巴黎人,255,12,2,1,0,0,三组 12 #105-117,23,3,2,2,2,1行 23 #143-166,28,0,0,25-30 28 #105-133,63,17,2,0,34-36 63 #188-251,255,1,0,29 255 未结束 #0-255
2023-10-24,20231025-凌晨-伦敦人,244,11,4,0,0,0,二组 11 #31-42,18,5,3,1,0,2行 18 #107-125,32,1,0,28-33 32 #129-161,82,13,4,1,31-33 82 未结束 #162-244,193,0,0,28 193 #0-193
2023-10-25,20231025-下午-巴黎人,184,15,2,1,1,0,一组 15 #52-67,14,3,2,0,0,1行 14 #15-29,28,0,0,13-18 28 #85-113,76,15,1,0,10-12 76 #89-165,184,0,0,12 184 未结束 #0-184
2023-10-30,20231025-晚上-伦敦人,242,11,2,0,0,0,三组 11 #111-122,18,4,1,1,0,1行 18 #91-109,37,4,0,7-12 37 #34-71,72,17,4,0,7-9 72 #27-99,147,0,0,27 147 #60-207
2024-03-18,wzs-2024-03-18-001,211,12,3,2,0,0,三组 12 #6-18,10,2,0,0,0,2行 10 #93-103,29,0,0,1-6 29 #9-38,62,13,1,0,31-33 62 #61-123,130,0,0,3 130 未结束 #81-211
2025-01-13,wzs-2025-01-13-301,290,23,7,4,2,1,二组 23 #114-137,16,6,1,1,0,1行 16 #120-136,38,4,0,16-21 38 #67-105,93,20,9,2,10-12 93 #21-114,248,2,0,17 248 未结束 #42-290
2025-01-13,wzs-2025-01-13-302,241,12,6,3,0,0,二组 12 #163-175,12,8,1,0,0,2行 12 #40-52,33,2,0,28-33 33 #192-225,75,16,4,0,34-36 75 #136-211,188,0,0,35 188 未结束 #53-241
2025-11-03,20251102-下午-伦敦人,216,14,5,2,0,0,一组 14 #128-142,15,4,2,2,0,2行 15 #9-24,52,4,1,1-6 52 #95-147,68,20,4,0,4-6 68 #22-90,206,1,0,35 206 #0-206
2025-11-03,20251103-下午-喜来登,226,18,4,2,2,0,三组 18 #25-43,14,6,2,0,0,1行 14 #166-180,42,4,0,31-36 42 #88-130,64,20,5,0,34-36 64 #66-130,226,1,0,36 226 未结束 #0-226
2025-11-06,20251106-下午-喜来登,198,15,3,2,1,0,一组 15 #83-98,13,4,2,0,0,3行 13 #9-22,32,1,0,10-15 32 未结束 #166-198,88,14,4,1,10-12 88 #74-162,146,0,0,11 146 #16-162
2025-12-01,wzs-2025-12-01-501,199,17,3,2,1,0,一组 17 #14-31,16,6,3,1,0,2行 16 #24-40,39,4,0,19-24 39 #87-126,78,16,3,0,22-24 78 #66-144,144,0,0,23 144 #0-144
2025-12-01,wzs-2025-12-01-502,200,17,5,1,1,0,二组 17 #25-42,12,4,1,0,0,1行 12 #132-144,30,2,0,22-27 30 #54-84,65,13,3,0,13-15 65 #18-83,159,0,0,12 159 未结束 #41-200
2025-12-01,wzs-2025-12-01-503,202,16,2,1,1,0,三组 16 #11-27,14,4,2,0,0,3行 14 #108-122,27,0,0,13-18 27 #22-49,85,16,2,1,25-27 85 #113-198,198,0,0,25 198 #0-198
2025-12-01,wzs-2025-12-01-504,198,16,5,1,1,0,一组 16 #87-103,16,2,2,1,0,1行 16 #167-183,51,5,1,28-33 51 #14-65,58,17,4,0,28-30 58 #7-65,198,0,0,30 198 未结束 #0-198
2025-12-01,wzs-2025-12-01-505,219,12,7,3,0,0,二组 12 #46-58,11,2,0,0,0,3行 11 #11-22,33,1,0,16-21 33 #114-147,72,16,3,0,4-6 72 #125-197,139,0,0,32 139 #64-203
2025-12-01,20251201-晚上-巴黎人,281,13,8,3,0,0,二组 13 #62-75,13,4,1,0,0,1行 13 #3-16,52,3,1,10-15 52 #8-60,60,21,3,0,10-12 60 #0-60,215,1,0,3 215 #32-247
2025-12-02,20251202-晚上-喜来登,298,19,8,2,1,0,一组 19 #103-122,13,2,1,0,0,3行 13 #185-198,35,2,0,10-15 35 #46-81,74,23,3,0,25-27 74 #53-127,161,0,0,19 161 未结束 #137-298
2025-12-03,20251203-晚上-喜来登,225,17,6,1,1,0,二组 17 #158-175,12,4,1,0,0,1行 12 #56-68,30,2,0,4-9 30 #12-42,65,13,3,0,13-15 65 #117-182,159,0,0,12 159 #0-159
2025-12-04,20251204-晚上-喜来登,254,12,3,1,0,0,二组 12 #47-59,13,5,2,0,0,3行 13 #212-225,33,1,0,7-12 33 #18-51,68,20,3,0,13-15 68 #104-172,171,0,0,35 171 #34-205
2026-01-01,wzs-2026-01-01-002,235,14,5,2,0,0,三组 14 #30-44,14,2,2,0,0,3行 14 #134-148,35,1,0,10-15 35 未结束 #200-235,62,14,1,0,22-24 62 #38-100,190,0,0,36 190 未结束 #45-235
2026-01-01,wzs-2026-01-01-003,226,20,5,2,2,1,三组 20 #30-50,12,2,1,0,0,1行 12 #88-100,47,4,0,28-33 47 #29-76,71,19,6,0,22-24 71 #70-141,175,0,0,31 175 #23-198
2026-01-01,wzs-2026-01-01-004,92,12,3,1,0,0,一组 12 #47-59,10,1,0,0,0,3行 10 #61-71,26,0,0,16-21 26 #34-60,43,5,0,0,25-27 43 未结束 #49-92,92,0,0,28 92 未结束 #0-92
2026-01-01,wzs-2026-01-01-005,189,15,5,3,1,0,一组 15 #163-178,13,1,1,0,0,1行 13 #158-171,34,2,0,31-36 34 #74-108,65,15,1,0,34-36 65 #43-108,155,0,0,31 155 #0-155
2026-01-11,wzs-2026-01-11-601,163,12,3,1,0,0,一组 12 #1-13,26,1,1,1,1,3行 26 #25-51,38,1,0,31-36 38 #3-41,79,14,2,0,25-27 79 #24-103,163,0,0,9 163 未结束 #0-163
2026-01-11,wzs-2026-01-11-603,532,20,10,8,4,1,三组 20 #301-321,18,8,3,2,0,1行 18 #223-241,44,4,0,16-21 44 #254-298,73,39,5,0,19-21 73 #110-183,260,1,0,2 260 #92-352
2026-01-11,wzs-2026-01-11-604,865,25,21,13,5,2,二组 25 #501-526,14,14,8,0,0,1行 14 #123-137,52,13,1,13-18 52 #115-167,133,71,16,4,1-3 133 #668-801,287,4,0,8 287 #377-664
2026-01-11,wzs-2026-01-11-605,318,13,5,2,0,0,一组 13 #54-67,19,6,3,1,0,3行 19 #230-249,36,1,0,7-12 36 #31-67,58,28,3,0,16-18 58 #30-88,205,1,0,34 205 #99-304
2026-01-11,wzs-2026-01-11-606,357,17,7,4,1,0,三组 17 #147-164,16,8,6,3,0,2行 16 #59-75,36,3,0,16-21 36 #47-83,72,20,1,0,16-18 72 #31-103,200,1,0,34 200 #86-286
2026-01-11,wzs-2026-01-11-607,369,16,7,3,2,0,一组 16 #308-324,16,8,5,2,0,2行 16 #155-171,58,6,1,28-33 58 #17-75,74,33,9,0,7-9 74 #263-337,311,2,1,33 311 #0-311
2026-01-13,20260113-晚上-银河,240,22,6,4,2,1,二组 22 #98-120,16,5,3,1,0,2行 16 #211-227,37,4,0,10-15 37 #134-171,66,22,4,0,31-33 66 #108-174,217,1,0,32 217 #16-233
2026-01-15,20260115-晚上-威尼斯人,284,15,6,4,1,0,三组 15 #99-114,20,6,2,2,1,2行 20 #145-165,32,3,0,10-15 32 #38-70,60,20,6,0,13-15 60 #91-151,165,0,0,11 165 #111-276
2026-01-16,20260116-下午-威尼斯人,200,12,8,1,0,0,一组 12 #5-17,17,6,4,2,0,3行 17 #18-35,43,3,0,1-6 43 #144-187,67,13,3,0,1-3 67 未结束 #133-200,152,0,0,20 152 #34-186
2026-04-06,wzs-2026-04-06-701,236,16,5,4,1,0,三组 16 #54-70,14,7,5,0,0,1行 14 #79-93,41,3,0,7-12 41 #50-91,81,19,4,1,10-12 81 #42-123,155,0,0,10 155 #0-155
2026-04-06,wzs-2026-04-06-702,347,14,6,3,0,0,一组 14 #179-193,15,8,5,1,0,3行 15 #126-141,39,4,0,31-36 39 #45-84,67,26,5,0,1-3 67 #83-150,161,0,0,2 161 #12-173
2026-04-06,wzs-2026-04-06-703,277,16,5,1,1,0,一组 16 #151-167,12,2,1,0,0,3行 12 #98-110,29,0,0,4-9 29 #40-69,85,19,2,1,34-36 85 #4-89,166,0,0,23 166 #64-230
2026-04-09,20260409-夜-澳门永利,252,12,3,2,0,0,二组 12 #85-97,17,8,5,3,0,3行 17 #95-112,42,2,0,22-27 42 #54-96,55,24,3,0,34-36 55 #99-154,233,1,0,24 233 #2-235
2026-05-11,wzs-2026-05-11-806,499,23,9,5,3,1,三组 23 #365-388,15,11,5,1,0,3行 15 #435-450,63,6,2,31-36 63 #342-405,90,34,9,1,31-33 90 #315-405,239,1,0,34 239 未结束 #260-499
2026-05-11,wzs-2026-05-11-802,303,16,7,4,1,0,二组 16 #169-185,15,7,1,1,0,2行 15 #98-113,53,3,1,19-24 53 #18-71,73,22,5,0,1-3 73 #201-274,237,1,0,23 237 #0-237
2026-05-11,wzs-2026-05-11-803,481,16,13,7,2,0,二组 16 #127-143,24,11,5,2,1,2行 24 #76-100,44,5,0,19-24 44 #117-161,69,32,6,0,7-9 69 #187-256,212,2,0,1 212 #131-343
2026-05-11,wzs-2026-05-11-804,416,17,4,2,1,0,三组 17 #233-250,14,4,3,0,0,1行 14 #228-242,31,1,0,7-12 31 #138-169,56,27,2,0,34-36 56 #204-260,175,0,0,26 175 #89-264
2026-05-11,wzs-2026-05-11-807,332,12,6,1,0,0,二组 12 #285-297,15,8,3,1,0,1行 15 #4-19,32,3,0,16-21 32 #272-304,78,27,4,0,16-18 78 #6-84,256,1,0,35 256 #0-256
2026-05-11,wzs-2026-05-11-808,566,14,13,5,0,0,一组 14 #19-33,16,10,3,1,0,3行 16 #315-331,32,2,0,13-18 32 #324-356,63,40,5,0,4-6 63 #147-210,261,2,0,13 261 #1-262
2026-05-11,wzs-2026-05-11-809,333,16,2,1,1,0,三组 16 #248-264,17,7,3,3,0,2行 17 #118-135,34,2,0,16-21 34 #261-295,61,23,2,0,22-24 61 #213-274,207,1,0,6 207 #74-281
2026-05-11,wzs-2026-05-11-810,662,16,16,10,2,0,二组 16 #327-343,12,7,1,0,0,3行 12 #350-362,39,6,0,28-33 39 #343-382,91,47,8,1,31-33 91 #232-323,211,2,0,20 211 #364-575
2026-06-01,20260601-1630-澳门永利,308,14,6,2,0,0,一组 14 #206-220,14,6,3,0,0,3行 14 #66-80,43,1,0,31-36 43 #105-148,61,20,5,0,25-27 61 #209-270,167,0,0,31 167 #82-249
2026-06-01,20260602-0018-澳门永利,367,17,5,4,2,0,一组 17 #68-85,10,6,0,0,0,2行 10 #106-116,41,4,0,22-27 41 #272-313,76,24,6,0,22-24 76 #166-242,209,1,0,24 209 #33-242
2026-06-02,20260603-0030-澳门永利,809,13,13,3,0,0,一组 13 #317-330,17,11,7,4,0,2行 17 #28-45,44,7,0,4-9 44 #656-700,121,54,14,2,34-36 121 #14-135,263,3,0,12 263 #331-594
2026-06-02,20260603-0230-澳门永利,277,13,4,3,0,0,三组 13 #89-102,21,4,3,3,1,2行 21 #242-263,32,2,0,16-21 32 #180-212,56,26,2,0,25-27 56 #0-56,196,0,0,34 196 未结束 #81-277
2026-06-03,20260603-2101-澳门永利,599,16,9,5,1,0,三组 16 #512-528,14,8,4,0,0,1行 14 #520-534,44,5,0,28-33 44 #534-578,82,39,10,1,10-12 82 #335-417,316,2,1,9 316 #218-534
2026-06-04,20260604-1630-澳门永利,518,16,5,4,1,0,二组 16 #255-271,17,9,2,2,0,2行 17 #458-475,54,5,1,13-18 54 #362-416,77,36,10,0,16-18 77 #206-283,291,2,0,19 291 #183-474
2026-06-04,20260604-2223-澳门永利,253,16,4,2,1,0,一组 16 #211-227,18,4,1,1,0,3行 18 #34-52,34,1,0,22-27 34 #78-112,57,22,1,0,16-18 57 #45-102,156,0,0,35 156 未结束 #97-253
2026-06-04,20260605-0230-澳门永利,311,14,8,4,0,0,一组 14 #55-69,16,5,2,1,0,2行 16 #61-77,34,1,0,13-18 34 #0-34,68,21,5,0,16-18 68 #47-115,217,1,0,17 217 #47-264
2026-06-05,20260606-0131-澳门永利,756,16,14,6,2,0,一组 16 #421-437,15,15,8,2,0,2行 15 #475-490,39,14,0,22-27 39 #488-527,85,63,11,1,13-15 85 #663-748,207,1,0,27 207 #349-556
2026-06-06,20260607-0217-澳门永利,761,25,17,9,5,3,三组 25 #627-652,16,17,7,2,0,2行 16 #73-89,42,7,0,28-33 42 #102-144,76,53,8,0,7-9 76 #62-138,241,3,0,2 241 #220-461
2026-06-28,20260628-2357-澳门永利,589,23,8,2,1,1,三组 23 #458-481,15,13,6,1,0,2行 15 #363-378,35,4,0,22-27 35 #111-146,54,40,4,0,16-18 54 #15-69,244,2,0,17 244 未结束 #345-589
2026-06-29,20260630-0130-澳门永利,666,16,15,7,1,0,三组 16 #362-378,21,14,5,3,1,1行 21 #470-491,45,8,0,1-6 45 #75-120,113,43,12,2,13-15 113 #148-261,213,2,0,14 213 #77-290
2026-06-30,20260630-2247-澳门永利,813,23,13,6,4,2,三组 23 #48-71,18,16,8,3,0,3行 18 #724-742,37,3,0,16-21 37 #194-231,72,65,11,0,28-30 72 #400-472,212,2,0,6 212 #148-360
2026-07-01,20260701-1148-澳门永利,333,18,4,3,1,0,二组 18 #7-25,15,8,3,1,0,2行 15 #116-131,45,3,0,19-24 45 #122-167,89,24,6,1,7-9 89 #16-105,221,1,0,3 221 #86-307
2026-07-01,20260701-1320-澳门永利,241,12,3,1,0,0,二组 12 #86-98,18,3,2,2,0,2行 18 #81-99,27,0,0,16-21 27 #82-109,85,13,4,1,7-9 85 #137-222,222,1,0,8 222 #0-222
2026-07-02,20260702-1550-澳门永利,352,16,5,1,1,0,三组 16 #20-36,16,5,2,1,0,3行 16 #111-127,32,2,0,31-36 32 #128-160,82,27,4,1,16-18 82 #39-121,318,3,1,35 318 #0-318
2026-07-02,20260703-0038-澳门永利,378,16,8,4,1,0,二组 16 #86-102,16,5,3,2,0,3行 16 #124-140,39,4,0,13-18 39 #86-125,71,24,6,0,31-33 71 #169-240,246,1,0,22 246 #0-246
2026-07-03,20260703-1059-澳门永利,287,19,4,2,1,0,三组 19 #61-80,14,3,3,0,0,3行 14 #270-284,32,4,0,22-27 32 #174-206,62,19,4,0,25-27 62 #97-159,163,0,0,36 163 #28-191
2026-07-03,20260703-1310-澳门永利,221,13,5,2,0,0,一组 13 #92-105,18,6,5,2,0,3行 18 #132-150,29,0,0,22-27 29 #25-54,66,10,3,0,10-12 66 #57-123,158,0,0,13 158 未结束 #63-221
2026-07-03,20260703-1651-澳门永利,359,17,7,3,1,0,二组 17 #187-204,13,3,2,0,0,3行 13 #195-208,33,3,0,10-15 33 #0-33,59,30,5,0,7-9 59 #191-250,167,0,0,3 167 #22-189